4:56,各駅停車,新宿,https://transfer-train.navitime.biz/keio/directions/timetable?station=7696&line=1&direction=0&target=weekday
5:15,各駅停車,新宿,https://transfer-train.navitime.biz/keio/directions/timetable?station=7696&line=1&direction=0&target=weekday
5:36,各駅停車,新宿,https://transfer-train.navitime.biz/keio/directions/timetable?station=7696&line=1&direction=0&target=weekday
5:55,各駅停車,新宿,https://transfer-train.navitime.biz/keio/directions/timetable?station=7696&line=1&direction=0&target=weekday
6:11,各駅停車,新宿,https://transfer-train.navitime.biz/keio/directions/timetable?station=7696&line=1&direction=0&target=weekday
6:24,各駅停車,本八幡,https://transfer-train.navitime.biz/keio/directions/timetable?station=7696&line=1&direction=0&target=weekday
6:38,各駅停車,本八幡,https://transfer-train.navitime.biz/keio/directions/timetable?station=7696&line=1&direction=0&target=weekday
6:51,各駅停車,新宿,https://transfer-train.navitime.biz/keio/directions/timetable?station=7696&line=1&direction=0&target=weekday
7:03,各駅停車,新宿,https://transfer-train.navitime.biz/keio/directions/timetable?station=7696&line=1&direction=0&target=weekday
7:16,各駅停車,新宿,https://transfer-train.navitime.biz/keio/directions/timetable?station=7696&line=1&direction=0&target=weekday
7:28,各駅停車,新宿,https://transfer-train.navitime.biz/keio/directions/timetable?station=7696&line=1&direction=0&target=weekday
7:36,各駅停車,新宿,https://transfer-train.navitime.biz/keio/directions/timetable?station=7696&line=1&direction=0&target=weekday
7:48,各駅停車,本八幡,https://transfer-train.navitime.biz/keio/directions/timetable?station=7696&line=1&direction=0&target=weekday
7:57,各駅停車,新宿,https://transfer-train.navitime.biz/keio/directions/timetable?station=7696&line=1&direction=0&target=weekday
8:08,各駅停車,新宿,https://transfer-train.navitime.biz/keio/directions/timetable?station=7696&line=1&direction=0&target=weekday
8:18,各駅停車,調布,https://transfer-train.navitime.biz/keio/directions/timetable?station=7696&line=1&direction=0&target=weekday
8:31,各駅停車,本八幡,https://transfer-train.navitime.biz/keio/directions/timetable?station=7696&line=1&direction=0&target=weekday
8:39,各駅停車,新宿,https://transfer-train.navitime.biz/keio/directions/timetable?station=7696&line=1&direction=0&target=weekday
8:48,各駅停車,新宿,https://transfer-train.navitime.biz/keio/directions/timetable?station=7696&line=1&direction=0&target=weekday
8:58,各駅停車,新宿,https://transfer-train.navitime.biz/keio/directions/timetable?station=7696&line=1&direction=0&target=weekday
9:07,各駅停車,新宿,https://transfer-train.navitime.biz/keio/directions/timetable?station=7696&line=1&direction=0&target=weekday
9:19,各駅停車,新宿,https://transfer-train.navitime.biz/keio/directions/timetable?station=7696&line=1&direction=0&target=weekday
9:26,各駅停車,新宿,https://transfer-train.navitime.biz/keio/directions/timetable?station=7696&line=1&direction=0&target=weekday
9:34,各駅停車,新宿,https://transfer-train.navitime.biz/keio/directions/timetable?station=7696&line=1&direction=0&target=weekday
9:46,各駅停車,新宿,https://transfer-train.navitime.biz/keio/directions/timetable?station=7696&line=1&direction=0&target=weekday
9:57,各駅停車,新宿,https://transfer-train.navitime.biz/keio/directions/timetable?station=7696&line=1&direction=0&target=weekday
10:07,各駅停車,新宿,https://transfer-train.navitime.biz/keio/directions/timetable?station=7696&line=1&direction=0&target=weekday
10:17,各駅停車,新宿,https://transfer-train.navitime.biz/keio/directions/timetable?station=7696&line=1&direction=0&target=weekday
10:27,各駅停車,新宿,https://transfer-train.navitime.biz/keio/directions/timetable?station=7696&line=1&direction=0&target=weekday
10:37,各駅停車,新宿,https://transfer-train.navitime.biz/keio/directions/timetable?station=7696&line=1&direction=0&target=weekday
10:47,各駅停車,新宿,https://transfer-train.navitime.biz/keio/directions/timetable?station=7696&line=1&direction=0&target=weekday
10:57,各駅停車,新宿,https://transfer-train.navitime.biz/keio/directions/timetable?station=7696&line=1&direction=0&target=weekday
11:07,各駅停車,新宿,https://transfer-train.navitime.biz/keio/directions/timetable?station=7696&line=1&direction=0&target=weekday
11:17,各駅停車,新宿,https://transfer-train.navitime.biz/keio/directions/timetable?station=7696&line=1&direction=0&target=weekday
11:27,各駅停車,新宿,https://transfer-train.navitime.biz/keio/directions/timetable?station=7696&line=1&direction=0&target=weekday
11:37,各駅停車,新宿,https://transfer-train.navitime.biz/keio/directions/timetable?station=7696&line=1&direction=0&target=weekday
11:47,各駅停車,新宿,https://transfer-train.navitime.biz/keio/directions/timetable?station=7696&line=1&direction=0&target=weekday
11:57,各駅停車,新宿,https://transfer-train.navitime.biz/keio/directions/timetable?station=7696&line=1&direction=0&target=weekday
12:07,各駅停車,新宿,https://transfer-train.navitime.biz/keio/directions/timetable?station=7696&line=1&direction=0&target=weekday
12:17,各駅停車,新宿,https://transfer-train.navitime.biz/keio/directions/timetable?station=7696&line=1&direction=0&target=weekday
12:27,各駅停車,新宿,https://transfer-train.navitime.biz/keio/directions/timetable?station=7696&line=1&direction=0&target=weekday
12:37,各駅停車,新宿,https://transfer-train.navitime.biz/keio/directions/timetable?station=7696&line=1&direction=0&target=weekday
12:47,各駅停車,新宿,https://transfer-train.navitime.biz/keio/directions/timetable?station=7696&line=1&direction=0&target=weekday
12:57,各駅停車,新宿,https://transfer-train.navitime.biz/keio/directions/timetable?station=7696&line=1&direction=0&target=weekday
13:07,各駅停車,新宿,https://transfer-train.navitime.biz/keio/directions/timetable?station=7696&line=1&direction=0&target=weekday
13:17,各駅停車,新宿,https://transfer-train.navitime.biz/keio/directions/timetable?station=7696&line=1&direction=0&target=weekday
13:27,各駅停車,新宿,https://transfer-train.navitime.biz/keio/directions/timetable?station=7696&line=1&direction=0&target=weekday
13:37,各駅停車,新宿,https://transfer-train.navitime.biz/keio/directions/timetable?station=7696&line=1&direction=0&target=weekday
13:47,各駅停車,新宿,https://transfer-train.navitime.biz/keio/directions/timetable?station=7696&line=1&direction=0&target=weekday
13:57,各駅停車,新宿,https://transfer-train.navitime.biz/keio/directions/timetable?station=7696&line=1&direction=0&target=weekday
14:07,各駅停車,新宿,https://transfer-train.navitime.biz/keio/directions/timetable?station=7696&line=1&direction=0&target=weekday
14:17,各駅停車,新宿,https://transfer-train.navitime.biz/keio/directions/timetable?station=7696&line=1&direction=0&target=weekday
14:27,各駅停車,新宿,https://transfer-train.navitime.biz/keio/directions/timetable?station=7696&line=1&direction=0&target=weekday
14:37,各駅停車,新宿,https://transfer-train.navitime.biz/keio/directions/timetable?station=7696&line=1&direction=0&target=weekday
14:47,各駅停車,新宿,https://transfer-train.navitime.biz/keio/directions/timetable?station=7696&line=1&direction=0&target=weekday
14:57,各駅停車,新宿,https://transfer-train.navitime.biz/keio/directions/timetable?station=7696&line=1&direction=0&target=weekday
15:07,各駅停車,新宿,https://transfer-train.navitime.biz/keio/directions/timetable?station=7696&line=1&direction=0&target=weekday
15:17,各駅停車,新宿,https://transfer-train.navitime.biz/keio/directions/timetable?station=7696&line=1&direction=0&target=weekday
15:27,各駅停車,新宿,https://transfer-train.navitime.biz/keio/directions/timetable?station=7696&line=1&direction=0&target=weekday
15:37,各駅停車,新宿,https://transfer-train.navitime.biz/keio/directions/timetable?station=7696&line=1&direction=0&target=weekday
15:47,各駅停車,新宿,https://transfer-train.navitime.biz/keio/directions/timetable?station=7696&line=1&direction=0&target=weekday
15:57,各駅停車,新宿,https://transfer-train.navitime.biz/keio/directions/timetable?station=7696&line=1&direction=0&target=weekday
16:07,各駅停車,新宿,https://transfer-train.navitime.biz/keio/directions/timetable?station=7696&line=1&direction=0&target=weekday
16:17,各駅停車,新宿,https://transfer-train.navitime.biz/keio/directions/timetable?station=7696&line=1&direction=0&target=weekday
16:27,各駅停車,新宿,https://transfer-train.navitime.biz/keio/directions/timetable?station=7696&line=1&direction=0&target=weekday
16:37,各駅停車,新宿,https://transfer-train.navitime.biz/keio/directions/timetable?station=7696&line=1&direction=0&target=weekday
16:47,各駅停車,新宿,https://transfer-train.navitime.biz/keio/directions/timetable?station=7696&line=1&direction=0&target=weekday
16:57,各駅停車,新宿,https://transfer-train.navitime.biz/keio/directions/timetable?station=7696&line=1&direction=0&target=weekday
17:06,各駅停車,新宿,https://transfer-train.navitime.biz/keio/directions/timetable?station=7696&line=1&direction=0&target=weekday
17:18,各駅停車,新宿,https://transfer-train.navitime.biz/keio/directions/timetable?station=7696&line=1&direction=0&target=weekday
17:28,各駅停車,新宿,https://transfer-train.navitime.biz/keio/directions/timetable?station=7696&line=1&direction=0&target=weekday
17:39,各駅停車,新宿,https://transfer-train.navitime.biz/keio/directions/timetable?station=7696&line=1&direction=0&target=weekday
17:49,各駅停車,新宿,https://transfer-train.navitime.biz/keio/directions/timetable?station=7696&line=1&direction=0&target=weekday
17:59,各駅停車,新宿,https://transfer-train.navitime.biz/keio/directions/timetable?station=7696&line=1&direction=0&target=weekday
18:09,各駅停車,新宿,https://transfer-train.navitime.biz/keio/directions/timetable?station=7696&line=1&direction=0&target=weekday
18:19,各駅停車,新宿,https://transfer-train.navitime.biz/keio/directions/timetable?station=7696&line=1&direction=0&target=weekday
18:29,各駅停車,新宿,https://transfer-train.navitime.biz/keio/directions/timetable?station=7696&line=1&direction=0&target=weekday
18:39,各駅停車,新宿,https://transfer-train.navitime.biz/keio/directions/timetable?station=7696&line=1&direction=0&target=weekday
18:49,各駅停車,新宿,https://transfer-train.navitime.biz/keio/directions/timetable?station=7696&line=1&direction=0&target=weekday
18:59,各駅停車,新宿,https://transfer-train.navitime.biz/keio/directions/timetable?station=7696&line=1&direction=0&target=weekday
19:09,各駅停車,新宿,https://transfer-train.navitime.biz/keio/directions/timetable?station=7696&line=1&direction=0&target=weekday
19:18,各駅停車,新宿,https://transfer-train.navitime.biz/keio/directions/timetable?station=7696&line=1&direction=0&target=weekday
19:29,各駅停車,新宿,https://transfer-train.navitime.biz/keio/directions/timetable?station=7696&line=1&direction=0&target=weekday
19:39,各駅停車,新宿,https://transfer-train.navitime.biz/keio/directions/timetable?station=7696&line=1&direction=0&target=weekday
19:49,各駅停車,新宿,https://transfer-train.navitime.biz/keio/directions/timetable?station=7696&line=1&direction=0&target=weekday
19:59,各駅停車,新宿,https://transfer-train.navitime.biz/keio/directions/timetable?station=7696&line=1&direction=0&target=weekday
20:09,各駅停車,新宿,https://transfer-train.navitime.biz/keio/directions/timetable?station=7696&line=1&direction=0&target=weekday
20:19,各駅停車,新宿,https://transfer-train.navitime.biz/keio/directions/timetable?station=7696&line=1&direction=0&target=weekday
20:29,各駅停車,新宿,https://transfer-train.navitime.biz/keio/directions/timetable?station=7696&line=1&direction=0&target=weekday
20:39,各駅停車,新宿,https://transfer-train.navitime.biz/keio/directions/timetable?station=7696&line=1&direction=0&target=weekday
20:49,各駅停車,新宿,https://transfer-train.navitime.biz/keio/directions/timetable?station=7696&line=1&direction=0&target=weekday
20:59,各駅停車,新宿,https://transfer-train.navitime.biz/keio/directions/timetable?station=7696&line=1&direction=0&target=weekday
21:09,各駅停車,新宿,https://transfer-train.navitime.biz/keio/directions/timetable?station=7696&line=1&direction=0&target=weekday
21:19,各駅停車,新宿,https://transfer-train.navitime.biz/keio/directions/timetable?station=7696&line=1&direction=0&target=weekday
21:29,各駅停車,新宿,https://transfer-train.navitime.biz/keio/directions/timetable?station=7696&line=1&direction=0&target=weekday
21:38,各駅停車,新宿,https://transfer-train.navitime.biz/keio/directions/timetable?station=7696&line=1&direction=0&target=weekday
21:49,各駅停車,桜上水,https://transfer-train.navitime.biz/keio/directions/timetable?station=7696&line=1&direction=0&target=weekday
22:00,各駅停車,新宿,https://transfer-train.navitime.biz/keio/directions/timetable?station=7696&line=1&direction=0&target=weekday
22:10,各駅停車,新宿,https://transfer-train.navitime.biz/keio/directions/timetable?station=7696&line=1&direction=0&target=weekday
22:22,各駅停車,新宿,https://transfer-train.navitime.biz/keio/directions/timetable?station=7696&line=1&direction=0&target=weekday
22:35,各駅停車,新宿,https://transfer-train.navitime.biz/keio/directions/timetable?station=7696&line=1&direction=0&target=weekday
22:47,各駅停車,新宿,https://transfer-train.navitime.biz/keio/directions/timetable?station=7696&line=1&direction=0&target=weekday
23:01,各駅停車,新宿,https://transfer-train.navitime.biz/keio/directions/timetable?station=7696&line=1&direction=0&target=weekday
23:16,各駅停車,新宿,https://transfer-train.navitime.biz/keio/directions/timetable?station=7696&line=1&direction=0&target=weekday
23:31,各駅停車,新宿,https://transfer-train.navitime.biz/keio/directions/timetable?station=7696&line=1&direction=0&target=weekday
23:45,各駅停車,新線新宿,https://transfer-train.navitime.biz/keio/directions/timetable?station=7696&line=1&direction=0&target=weekday
23:58,各駅停車,桜上水,https://transfer-train.navitime.biz/keio/directions/timetable?station=7696&line=1&direction=0&target=weekday
0:13,各駅停車,桜上水,https://transfer-train.navitime.biz/keio/directions/timetable?station=7696&line=1&direction=0&target=weekday
